IndicatorCode,Indicator,ValueType,ParentLocationCode,ParentLocation,Location type,SpatialDimValueCode,Location,Period type,Period,IsLatestYear,Dim1 type,Dim1,Dim1ValueCode,Dim2 type,Dim2,Dim2ValueCode,Dim3 type,Dim3,Dim3ValueCode,DataSourceDimValueCode,DataSource,FactValueNumericPrefix,FactValueNumeric,FactValueUoM,FactValueNumericLowPrefix,FactValueNumericLow,FactValueNumericHighPrefix,FactValueNumericHigh,Value,FactValueTranslationID,FactComments,Language,DateModified
NCD_PAA,Prevalence of insufficient physical activity among adults aged 18+ years (age-standardized estimate) (%),text,EUR,Europe,Country,MDA,Republic of Moldova,Year,2022,true,Sex,Both sexes,SEX_BTSX,Age Group,18+  years,AGEGROUP_YEARS18-PLUS,,,,,,,10.77,,,6.91,,15.69,10.8 [6.9-15.7],,,EN,2024-06-20T20:00:00.000Z
NCD_PAA,Prevalence of insufficient physical activity among adults aged 18+ years (age-standardized estimate) (%),text,AFR,Africa,Country,ERI,Eritrea,Year,2022,true,Sex,Both sexes,SEX_BTSX,Age Group,18+  years,AGEGROUP_YEARS18-PLUS,,,,,,,11.82,,,4.3,,23.93,11.8 [4.3-23.9],,,EN,2024-06-20T20:00:00.000Z
NCD_PAA,Prevalence of insufficient physical activity among adults aged 18+ years (age-standardized estimate) (%),text,EUR,Europe,Country,DEU,Germany,Year,2022,true,Sex,Both sexes,SEX_BTSX,Age Group,18+  years,AGEGROUP_YEARS18-PLUS,,,,,,,11.98,,,9.2,,15.15,12.0 [9.2-15.1],,,EN,2024-06-20T20:00:00.000Z
NCD_PAA,Prevalence of insufficient physical activity among adults aged 18+ years (age-standardized estimate) (%),text,EUR,Europe,Country,TKM,Turkmenistan,Year,2022,true,Sex,Both sexes,SEX_BTSX,Age Group,18+  years,AGEGROUP_YEARS18-PLUS,,,,,,,12.09,,,6.76,,19.09,12.1 [6.8-19.1],,,EN,2024-06-20T20:00:00.000Z
NCD_PAA,Prevalence of insufficient physical activity among adults aged 18+ years (age-standardized estimate) (%),text,EUR,Europe,Country,DNK,Denmark,Year,2022,true,Sex,Both sexes,SEX_BTSX,Age Group,18+  years,AGEGROUP_YEARS18-PLUS,,,,,,,12.14,,,8.19,,16.94,12.1 [8.2-16.9],,,EN,2024-06-20T20:00:00.000Z
NCD_PAA,Prevalence of insufficient physical activity among adults aged 18+ years (age-standardized estimate) (%),text,WPR,Western Pacific,Country,PNG,Papua New Guinea,Year,2022,true,Sex,Both sexes,SEX_BTSX,Age Group,18+  years,AGEGROUP_YEARS18-PLUS,,,,,,,12.47,,,3.84,,26.16,12.5 [3.8-26.2],,,EN,2024-06-20T20:00:00.000Z
NCD_PAA,Prevalence of insufficient physical activity among adults aged 18+ years (age-standardized estimate) (%),text,EUR,Europe,Country,UKR,Ukraine,Year,2022,true,Sex,Both sexes,SEX_BTSX,Age Group,18+  years,AGEGROUP_YEARS18-PLUS,,,,,,,12.76,,,7.4,,19.53,12.8 [7.4-19.5],,,EN,2024-06-20T20:00:00.000Z
NCD_PAA,Prevalence of insufficient physical activity among adults aged 18+ years (age-standardized estimate) (%),text,AFR,Africa,Country,SLE,Sierra Leone,Year,2022,true,Sex,Both sexes,SEX_BTSX,Age Group,18+  years,AGEGROUP_YEARS18-PLUS,,,,,,,12.96,,,4.93,,25.04,13.0 [4.9-25.0],,,EN,2024-06-20T20:00:00.000Z
NCD_PAA,Prevalence of insufficient physical activity among adults aged 18+ years (age-standardized estimate) (%),text,WPR,Western Pacific,Country,KHM,Cambodia,Year,2022,true,Sex,Both sexes,SEX_BTSX,Age Group,18+  years,AGEGROUP_YEARS18-PLUS,,,,,,,13.27,,,8.91,,18.75,13.3 [8.9-18.7],,,EN,2024-06-20T20:00:00.000Z
NCD_PAA,Prevalence of insufficient physical activity among adults aged 18+ years (age-standardized estimate) (%),text,WPR,Western Pacific,Country,WSM,Samoa,Year,2022,true,Sex,Both sexes,SEX_BTSX,Age Group,18+  years,AGEGROUP_YEARS18-PLUS,,,,,,,13.47,,,6.1,,23.55,13.5 [6.1-23.6],,,EN,2024-06-20T20:00:00.000Z
NCD_PAA,Prevalence of insufficient physical activity among adults aged 18+ years (age-standardized estimate) (%),text,AFR,Africa,Country,MDG,Madagascar,Year,2022,true,Sex,Both sexes,SEX_BTSX,Age Group,18+  years,AGEGROUP_YEARS18-PLUS,,,,,,,13.59,,,4.19,,29.77,13.6 [4.2-29.8],,,EN,2024-06-20T20:00:00.000Z
NCD_PAA,Prevalence of insufficient physical activity among adults aged 18+ years (age-standardized estimate) (%),text,EUR,Europe,Country,LUX,Luxembourg,Year,2022,true,Sex,Both sexes,SEX_BTSX,Age Group,18+  years,AGEGROUP_YEARS18-PLUS,,,,,,,13.92,,,9.67,,19.04,13.9 [9.7-19.0],,,EN,2024-06-20T20:00:00.000Z
NCD_PAA,Prevalence of insufficient physical activity among adults aged 18+ years (age-standardized estimate) (%),text,EUR,Europe,Country,BLR,Belarus,Year,2022,true,Sex,Both sexes,SEX_BTSX,Age Group,18+  years,AGEGROUP_YEARS18-PLUS,,,,,,,14.02,,,9.32,,19.84,14.0 [9.3-19.8],,,EN,2024-06-20T20:00:00.000Z
NCD_PAA,Prevalence of insufficient physical activity among adults aged 18+ years (age-standardized estimate) (%),text,AFR,Africa,Country,ZMB,Zambia,Year,2022,true,Sex,Both sexes,SEX_BTSX,Age Group,18+  years,AGEGROUP_YEARS18-PLUS,,,,,,,14.09,,,7.85,,21.93,14.1 [7.9-21.9],,,EN,2024-06-20T20:00:00.000Z
NCD_PAA,Prevalence of insufficient physical activity among adults aged 18+ years (age-standardized estimate) (%),text,AFR,Africa,Country,BDI,Burundi,Year,2022,true,Sex,Both sexes,SEX_BTSX,Age Group,18+  years,AGEGROUP_YEARS18-PLUS,,,,,,,14.27,,,4.1,,30.66,14.3 [4.1-30.7],,,EN,2024-06-20T20:00:00.000Z
NCD_PAA,Prevalence of insufficient physical activity among adults aged 18+ years (age-standardized estimate) (%),text,EUR,Europe,Country,LVA,Latvia,Year,2022,true,Sex,Both sexes,SEX_BTSX,Age Group,18+  years,AGEGROUP_YEARS18-PLUS,,,,,,,14.49,,,9.73,,20.07,14.5 [9.7-20.1],,,EN,2024-06-20T20:00:00.000Z
NCD_PAA,Prevalence of insufficient physical activity among adults aged 18+ years (age-standardized estimate) (%),text,AFR,Africa,Country,LBR,Liberia,Year,2022,true,Sex,Both sexes,SEX_BTSX,Age Group,18+  years,AGEGROUP_YEARS18-PLUS,,,,,,,14.58,,,9.61,,20.73,14.6 [9.6-20.7],,,EN,2024-06-20T20:00:00.000Z
NCD_PAA,Prevalence of insufficient physical activity among adults aged 18+ years (age-standardized estimate) (%),text,AFR,Africa,Country,TGO,Togo,Year,2022,true,Sex,Both sexes,SEX_BTSX,Age Group,18+  years,AGEGROUP_YEARS18-PLUS,,,,,,,14.78,,,9.8,,20.52,14.8 [9.8-20.5],,,EN,2024-06-20T20:00:00.000Z
NCD_PAA,Prevalence of insufficient physical activity among adults aged 18+ years (age-standardized estimate) (%),text,AFR,Africa,Country,COD,Democratic Republic of the Congo,Year,2022,true,Sex,Both sexes,SEX_BTSX,Age Group,18+  years,AGEGROUP_YEARS18-PLUS,,,,,,,14.87,,,4.34,,30.96,14.9 [4.3-31.0],,,EN,2024-06-20T20:00:00.000Z
NCD_PAA,Prevalence of insufficient physical activity among adults aged 18+ years (age-standardized estimate) (%),text,WPR,Western Pacific,Country,FJI,Fiji,Year,2022,true,Sex,Both sexes,SEX_BTSX,Age Group,18+  years,AGEGROUP_YEARS18-PLUS,,,,,,,15.53,,,6.32,,28.63,15.5 [6.3-28.6],,,EN,2024-06-20T20:00:00.000Z
NCD_PAA,Prevalence of insufficient physical activity among adults aged 18+ years (age-standardized estimate) (%),text,WPR,Western Pacific,Country,LAO,Lao People's Democratic Republic,Year,2022,true,Sex,Both sexes,SEX_BTSX,Age Group,18+  years,AGEGROUP_YEARS18-PLUS,,,,,,,15.84,,,7.7,,26.52,15.8 [7.7-26.5],,,EN,2024-06-20T20:00:00.000Z
NCD_PAA,Prevalence of insufficient physical activity among adults aged 18+ years (age-standardized estimate) (%),text,EUR,Europe,Country,EST,Estonia,Year,2022,true,Sex,Both sexes,SEX_BTSX,Age Group,18+  years,AGEGROUP_YEARS18-PLUS,,,,,,,15.94,,,11.7,,20.69,15.9 [11.7-20.7],,,EN,2024-06-20T20:00:00.000Z
NCD_PAA,Prevalence of insufficient physical activity among adults aged 18+ years (age-standardized estimate) (%),text,AFR,Africa,Country,COG,Congo,Year,2022,true,Sex,Both sexes,SEX_BTSX,Age Group,18+  years,AGEGROUP_YEARS18-PLUS,,,,,,,15.97,,,4.86,,33.38,16.0 [4.9-33.4],,,EN,2024-06-20T20:00:00.000Z
NCD_PAA,Prevalence of insufficient physical activity among adults aged 18+ years (age-standardized estimate) (%),text,AFR,Africa,Country,NER,Niger,Year,2022,true,Sex,Both sexes,SEX_BTSX,Age Group,18+  years,AGEGROUP_YEARS18-PLUS,,,,,,,16.2,,,10.4,,23.31,16.2 [10.4-23.3],,,EN,2024-06-20T20:00:00.000Z
NCD_PAA,Prevalence of insufficient physical activity among adults aged 18+ years (age-standardized estimate) (%),text,AFR,Africa,Country,SSD,South Sudan,Year,2022,true,Sex,Both sexes,SEX_BTSX,Age Group,18+  years,AGEGROUP_YEARS18-PLUS,,,,,,,16.26,,,4.79,,34.18,16.3 [4.8-34.2],,,EN,2024-06-20T20:00:00.000Z
NCD_PAA,Prevalence of insufficient physical activity among adults aged 18+ years (age-standardized estimate) (%),text,AFR,Africa,Country,CAF,Central African Republic,Year,2022,true,Sex,Both sexes,SEX_BTSX,Age Group,18+  years,AGEGROUP_YEARS18-PLUS,,,,,,,16.53,,,5.23,,34.47,16.5 [5.2-34.5],,,EN,2024-06-20T20:00:00.000Z
NCD_PAA,Prevalence of insufficient physical activity among adults aged 18+ years (age-standardized estimate) (%),text,AFR,Africa,Country,SEN,Senegal,Year,2022,true,Sex,Both sexes,SEX_BTSX,Age Group,18+  years,AGEGROUP_YEARS18-PLUS,,,,,,,16.64,,,8.83,,26.82,16.6 [8.8-26.8],,,EN,2024-06-20T20:00:00.000Z
NCD_PAA,Prevalence of insufficient physical activity among adults aged 18+ years (age-standardized estimate) (%),text,AFR,Africa,Country,GIN,Guinea,Year,2022,true,Sex,Both sexes,SEX_BTSX,Age Group,18+  years,AGEGROUP_YEARS18-PLUS,,,,,,,16.7,,,5.04,,34.39,16.7 [5.0-34.4],,,EN,2024-06-20T20:00:00.000Z
NCD_PAA,Prevalence of insufficient physical activity among adults aged 18+ years (age-standardized estimate) (%),text,AFR,Africa,Country,BFA,Burkina Faso,Year,2022,true,Sex,Both sexes,SEX_BTSX,Age Group,18+  years,AGEGROUP_YEARS18-PLUS,,,,,,,16.94,,,11.35,,23.27,16.9 [11.4-23.3],,,EN,2024-06-20T20:00:00.000Z
NCD_PAA,Prevalence of insufficient physical activity among adults aged 18+ years (age-standardized estimate) (%),text,EMR,Eastern Mediterranean,Country,DJI,Djibouti,Year,2022,true,Sex,Both sexes,SEX_BTSX,Age Group,18+  years,AGEGROUP_YEARS18-PLUS,,,,,,,16.98,,,5.17,,34.88,17.0 [5.2-34.9],,,EN,2024-06-20T20:00:00.000Z
NCD_PAA,Prevalence of insufficient physical activity among adults aged 18+ years (age-standardized estimate) (%),text,AFR,Africa,Country,COM,Comoros,Year,2022,true,Sex,Both sexes,SEX_BTSX,Age Group,18+  years,AGEGROUP_YEARS18-PLUS,,,,,,,17.2,,,7.64,,30.95,17.2 [7.6-31.0],,,EN,2024-06-20T20:00:00.000Z
NCD_PAA,Prevalence of insufficient physical activity among adults aged 18+ years (age-standardized estimate) (%),text,AFR,Africa,Country,AGO,Angola,Year,2022,true,Sex,Both sexes,SEX_BTSX,Age Group,18+  years,AGEGROUP_YEARS18-PLUS,,,,,,,17.33,,,5.49,,36.42,17.3 [5.5-36.4],,,EN,2024-06-20T20:00:00.000Z
NCD_PAA,Prevalence of insufficient physical activity among adults aged 18+ years (age-standardized estimate) (%),text,WPR,Western Pacific,Country,SLB,Solomon Islands,Year,2022,true,Sex,Both sexes,SEX_BTSX,Age Group,18+  years,AGEGROUP_YEARS18-PLUS,,,,,,,17.46,,,9.23,,27.95,17.5 [9.2-27.9],,,EN,2024-06-20T20:00:00.000Z
NCD_PAA,Prevalence of insufficient physical activity among adults aged 18+ years (age-standardized estimate) (%),text,AFR,Africa,Country,GNB,Guinea-Bissau,Year,2022,true,Sex,Both sexes,SEX_BTSX,Age Group,18+  years,AGEGROUP_YEARS18-PLUS,,,,,,,17.64,,,5.57,,36.07,17.6 [5.6-36.1],,,EN,2024-06-20T20:00:00.000Z
NCD_PAA,Prevalence of insufficient physical activity among adults aged 18+ years (age-standardized estimate) (%),text,AFR,Africa,Country,ZWE,Zimbabwe,Year,2022,true,Sex,Both sexes,SEX_BTSX,Age Group,18+  years,AGEGROUP_YEARS18-PLUS,,,,,,,17.7,,,5.99,,36.1,17.7 [6.0-36.1],,,EN,2024-06-20T20:00:00.000Z
NCD_PAA,Prevalence of insufficient physical activity among adults aged 18+ years (age-standardized estimate) (%),text,AFR,Africa,Country,TCD,Chad,Year,2022,true,Sex,Both sexes,SEX_BTSX,Age Group,18+  years,AGEGROUP_YEARS18-PLUS,,,,,,,17.85,,,6.63,,34.84,17.8 [6.6-34.8],,,EN,2024-06-20T20:00:00.000Z
NCD_PAA,Prevalence of insufficient physical activity among adults aged 18+ years (age-standardized estimate) (%),text,AFR,Africa,Country,BEN,Benin,Year,2022,true,Sex,Both sexes,SEX_BTSX,Age Group,18+  years,AGEGROUP_YEARS18-PLUS,,,,,,,18.02,,,9.83,,28.7,18.0 [9.8-28.7],,,EN,2024-06-20T20:00:00.000Z
NCD_PAA,Prevalence of insufficient physical activity among adults aged 18+ years (age-standardized estimate) (%),text,EMR,Eastern Mediterranean,Country,SOM,Somalia,Year,2022,true,Sex,Both sexes,SEX_BTSX,Age Group,18+  years,AGEGROUP_YEARS18-PLUS,,,,,,,18.1,,,5.96,,36.31,18.1 [6.0-36.3],,,EN,2024-06-20T20:00:00.000Z
NCD_PAA,Prevalence of insufficient physical activity among adults aged 18+ years (age-standardized estimate) (%),text,AFR,Africa,Country,NGA,Nigeria,Year,2022,true,Sex,Both sexes,SEX_BTSX,Age Group,18+  years,AGEGROUP_YEARS18-PLUS,,,,,,,18.05,,,5.98,,36.87,18.1 [6.0-36.9],,,EN,2024-06-20T20:00:00.000Z
NCD_PAA,Prevalence of insufficient physical activity among adults aged 18+ years (age-standardized estimate) (%),text,EUR,Europe,Country,RUS,Russian Federation,Year,2022,true,Sex,Both sexes,SEX_BTSX,Age Group,18+  years,AGEGROUP_YEARS18-PLUS,,,,,,,18.11,,,7.34,,34.25,18.1 [7.3-34.3],,,EN,2024-06-20T20:00:00.000Z
NCD_PAA,Prevalence of insufficient physical activity among adults aged 18+ years (age-standardized estimate) (%),text,AFR,Africa,Country,STP,Sao Tome and Principe,Year,2022,true,Sex,Both sexes,SEX_BTSX,Age Group,18+  years,AGEGROUP_YEARS18-PLUS,,,,,,,18.15,,,11.29,,26.34,18.2 [11.3-26.3],,,EN,2024-06-20T20:00:00.000Z
NCD_PAA,Prevalence of insufficient physical activity among adults aged 18+ years (age-standardized estimate) (%),text,WPR,Western Pacific,Country,NZL,New Zealand,Year,2022,true,Sex,Both sexes,SEX_BTSX,Age Group,18+  years,AGEGROUP_YEARS18-PLUS,,,,,,,18.68,,,14.23,,23.61,18.7 [14.2-23.6],,,EN,2024-06-20T20:00:00.000Z
NCD_PAA,Prevalence of insufficient physical activity among adults aged 18+ years (age-standardized estimate) (%),text,AFR,Africa,Country,CMR,Cameroon,Year,2022,true,Sex,Both sexes,SEX_BTSX,Age Group,18+  years,AGEGROUP_YEARS18-PLUS,,,,,,,18.81,,,6.24,,37.49,18.8 [6.2-37.5],,,EN,2024-06-20T20:00:00.000Z
NCD_PAA,Prevalence of insufficient physical activity among adults aged 18+ years (age-standardized estimate) (%),text,EUR,Europe,Country,CHE,Switzerland,Year,2022,true,Sex,Both sexes,SEX_BTSX,Age Group,18+  years,AGEGROUP_YEARS18-PLUS,,,,,,,19.03,,,10.56,,29.89,19.0 [10.6-29.9],,,EN,2024-06-20T20:00:00.000Z
NCD_PAA,Prevalence of insufficient physical activity among adults aged 18+ years (age-standardized estimate) (%),text,WPR,Western Pacific,Country,IDN,Indonesia,Year,2022,true,Sex,Both sexes,SEX_BTSX,Age Group,18+  years,AGEGROUP_YEARS18-PLUS,,,,,,,19,,,12.04,,27.12,19.0 [12.0-27.1],,,EN,2024-06-20T20:00:00.000Z
NCD_PAA,Prevalence of insufficient physical activity among adults aged 18+ years (age-standardized estimate) (%),text,EUR,Europe,Country,SVN,Slovenia,Year,2022,true,Sex,Both sexes,SEX_BTSX,Age Group,18+  years,AGEGROUP_YEARS18-PLUS,,,,,,,18.97,,,13.25,,25.4,19.0 [13.3-25.4],,,EN,2024-06-20T20:00:00.000Z
NCD_PAA,Prevalence of insufficient physical activity among adults aged 18+ years (age-standardized estimate) (%),text,EUR,Europe,Country,GBR,United Kingdom of Great Britain and Northern Ireland,Year,2022,true,Sex,Both sexes,SEX_BTSX,Age Group,18+  years,AGEGROUP_YEARS18-PLUS,,,,,,,18.98,,,14.43,,24.46,19.0 [14.4-24.5],,,EN,2024-06-20T20:00:00.000Z
NCD_PAA,Prevalence of insufficient physical activity among adults aged 18+ years (age-standardized estimate) (%),text,EMR,Eastern Mediterranean,Country,SDN,Sudan,Year,2022,true,Sex,Both sexes,SEX_BTSX,Age Group,18+  years,AGEGROUP_YEARS18-PLUS,,,,,,,19.11,,,11.08,,29.27,19.1 [11.1-29.3],,,EN,2024-06-20T20:00:00.000Z
NCD_PAA,Prevalence of insufficient physical activity among adults aged 18+ years (age-standardized estimate) (%),text,AFR,Africa,Country,SWZ,Eswatini,Year,2022,true,Sex,Both sexes,SEX_BTSX,Age Group,18+  years,AGEGROUP_YEARS18-PLUS,,,,,,,19.22,,,10.09,,30.73,19.2 [10.1-30.7],,,EN,2024-06-20T20:00:00.000Z
NCD_PAA,Prevalence of insufficient physical activity among adults aged 18+ years (age-standardized estimate) (%),text,AFR,Africa,Country,GNQ,Equatorial Guinea,Year,2022,true,Sex,Both sexes,SEX_BTSX,Age Group,18+  years,AGEGROUP_YEARS18-PLUS,,,,,,,19.51,,,6.74,,38.61,19.5 [6.7-38.6],,,EN,2024-06-20T20:00:00.000Z
NCD_PAA,Prevalence of insufficient physical activity among adults aged 18+ years (age-standardized estimate) (%),text,AFR,Africa,Country,CIV,Cote d'Ivoire,Year,2022,true,Sex,Both sexes,SEX_BTSX,Age Group,18+  years,AGEGROUP_YEARS18-PLUS,,,,,,,19.68,,,6.93,,37.62,19.7 [6.9-37.6],,,EN,2024-06-20T20:00:00.000Z
NCD_PAA,Prevalence of insufficient physical activity among adults aged 18+ years (age-standardized estimate) (%),text,EUR,Europe,Country,AUT,Austria,Year,2022,true,Sex,Both sexes,SEX_BTSX,Age Group,18+  years,AGEGROUP_YEARS18-PLUS,,,,,,,19.76,,,15.49,,24.36,19.8 [15.5-24.4],,,EN,2024-06-20T20:00:00.000Z
NCD_PAA,Prevalence of insufficient physical activity among adults aged 18+ years (age-standardized estimate) (%),text,EUR,Europe,Country,KGZ,Kyrgyzstan,Year,2022,true,Sex,Both sexes,SEX_BTSX,Age Group,18+  years,AGEGROUP_YEARS18-PLUS,,,,,,,19.87,,,10.27,,31.74,19.9 [10.3-31.7],,,EN,2024-06-20T20:00:00.000Z
NCD_PAA,Prevalence of insufficient physical activity among adults aged 18+ years (age-standardized estimate) (%),text,AFR,Africa,Country,MWI,Malawi,Year,2022,true,Sex,Both sexes,SEX_BTSX,Age Group,18+  years,AGEGROUP_YEARS18-PLUS,,,,,,,2.7,,,1.12,,5.25,2.7 [1.1-5.3],,,EN,2024-06-20T20:00:00.000Z
NCD_PAA,Prevalence of insufficient physical activity among adults aged 18+ years (age-standardized estimate) (%),text,EUR,Europe,Country,LTU,Lithuania,Year,2022,true,Sex,Both sexes,SEX_BTSX,Age Group,18+  years,AGEGROUP_YEARS18-PLUS,,,,,,,20.23,,,14.67,,26.17,20.2 [14.7-26.2],,,EN,2024-06-20T20:00:00.000Z
NCD_PAA,Prevalence of insufficient physical activity among adults aged 18+ years (age-standardized estimate) (%),text,SEAR,South-East Asia,Country,BGD,Bangladesh,Year,2022,true,Sex,Both sexes,SEX_BTSX,Age Group,18+  years,AGEGROUP_YEARS18-PLUS,,,,,,,20.3,,,14.33,,27.21,20.3 [14.3-27.2],,,EN,2024-06-20T20:00:00.000Z
NCD_PAA,Prevalence of insufficient physical activity among adults aged 18+ years (age-standardized estimate) (%),text,AFR,Africa,Country,SYC,Seychelles,Year,2022,true,Sex,Both sexes,SEX_BTSX,Age Group,18+  years,AGEGROUP_YEARS18-PLUS,,,,,,,20.44,,,10.72,,32.22,20.4 [10.7-32.2],,,EN,2024-06-20T20:00:00.000Z
NCD_PAA,Prevalence of insufficient physical activity among adults aged 18+ years (age-standardized estimate) (%),text,AFR,Africa,Country,GAB,Gabon,Year,2022,true,Sex,Both sexes,SEX_BTSX,Age Group,18+  years,AGEGROUP_YEARS18-PLUS,,,,,,,20.82,,,7.15,,40.24,20.8 [7.1-40.2],,,EN,2024-06-20T20:00:00.000Z
NCD_PAA,Prevalence of insufficient physical activity among adults aged 18+ years (age-standardized estimate) (%),text,AMR,Americas,Country,LCA,Saint Lucia,Year,2022,true,Sex,Both sexes,SEX_BTSX,Age Group,18+  years,AGEGROUP_YEARS18-PLUS,,,,,,,20.95,,,13.73,,29.14,20.9 [13.7-29.1],,,EN,2024-06-20T20:00:00.000Z
NCD_PAA,Prevalence of insufficient physical activity among adults aged 18+ years (age-standardized estimate) (%),text,EUR,Europe,Country,BIH,Bosnia and Herzegovina,Year,2022,true,Sex,Both sexes,SEX_BTSX,Age Group,18+  years,AGEGROUP_YEARS18-PLUS,,,,,,,21.07,,,7.67,,40.14,21.1 [7.7-40.1],,,EN,2024-06-20T20:00:00.000Z
NCD_PAA,Prevalence of insufficient physical activity among adults aged 18+ years (age-standardized estimate) (%),text,AFR,Africa,Country,GHA,Ghana,Year,2022,true,Sex,Both sexes,SEX_BTSX,Age Group,18+  years,AGEGROUP_YEARS18-PLUS,,,,,,,21.16,,,11.88,,32.83,21.2 [11.9-32.8],,,EN,2024-06-20T20:00:00.000Z
NCD_PAA,Prevalence of insufficient physical activity among adults aged 18+ years (age-standardized estimate) (%),text,AFR,Africa,Country,GMB,Gambia,Year,2022,true,Sex,Both sexes,SEX_BTSX,Age Group,18+  years,AGEGROUP_YEARS18-PLUS,,,,,,,21.15,,,9.95,,35.59,21.2 [9.9-35.6],,,EN,2024-06-20T20:00:00.000Z
NCD_PAA,Prevalence of insufficient physical activity among adults aged 18+ years (age-standardized estimate) (%),text,EUR,Europe,Country,ESP,Spain,Year,2022,true,Sex,Both sexes,SEX_BTSX,Age Group,18+  years,AGEGROUP_YEARS18-PLUS,,,,,,,21.85,,,16.29,,27.74,21.8 [16.3-27.7],,,EN,2024-06-20T20:00:00.000Z
NCD_PAA,Prevalence of insufficient physical activity among adults aged 18+ years (age-standardized estimate) (%),text,EUR,Europe,Country,IRL,Ireland,Year,2022,true,Sex,Both sexes,SEX_BTSX,Age Group,18+  years,AGEGROUP_YEARS18-PLUS,,,,,,,21.92,,,16.64,,27.58,21.9 [16.6-27.6],,,EN,2024-06-20T20:00:00.000Z
NCD_PAA,Prevalence of insufficient physical activity among adults aged 18+ years (age-standardized estimate) (%),text,SEAR,South-East Asia,Country,MMR,Myanmar,Year,2022,true,Sex,Both sexes,SEX_BTSX,Age Group,18+  years,AGEGROUP_YEARS18-PLUS,,,,,,,22,,,12.79,,33.5,22.0 [12.8-33.5],,,EN,2024-06-20T20:00:00.000Z
NCD_PAA,Prevalence of insufficient physical activity among adults aged 18+ years (age-standardized estimate) (%),text,AFR,Africa,Country,BWA,Botswana,Year,2022,true,Sex,Both sexes,SEX_BTSX,Age Group,18+  years,AGEGROUP_YEARS18-PLUS,,,,,,,22.28,,,12.39,,34.15,22.3 [12.4-34.1],,,EN,2024-06-20T20:00:00.000Z
NCD_PAA,Prevalence of insufficient physical activity among adults aged 18+ years (age-standardized estimate) (%),text,AMR,Americas,Country,BOL,Bolivia (Plurinational State of),Year,2022,true,Sex,Both sexes,SEX_BTSX,Age Group,18+  years,AGEGROUP_YEARS18-PLUS,,,,,,,22.57,,,14.68,,31.86,22.6 [14.7-31.9],,,EN,2024-06-20T20:00:00.000Z
NCD_PAA,Prevalence of insufficient physical activity among adults aged 18+ years (age-standardized estimate) (%),text,AMR,Americas,Country,ECU,Ecuador,Year,2022,true,Sex,Both sexes,SEX_BTSX,Age Group,18+  years,AGEGROUP_YEARS18-PLUS,,,,,,,22.78,,,14.11,,32.77,22.8 [14.1-32.8],,,EN,2024-06-20T20:00:00.000Z
NCD_PAA,Prevalence of insufficient physical activity among adults aged 18+ years (age-standardized estimate) (%),text,EUR,Europe,Country,MNE,Montenegro,Year,2022,true,Sex,Both sexes,SEX_BTSX,Age Group,18+  years,AGEGROUP_YEARS18-PLUS,,,,,,,22.75,,,8.1,,43.47,22.8 [8.1-43.5],,,EN,2024-06-20T20:00:00.000Z
NCD_PAA,Prevalence of insufficient physical activity among adults aged 18+ years (age-standardized estimate) (%),text,EUR,Europe,Country,FRA,France,Year,2022,true,Sex,Both sexes,SEX_BTSX,Age Group,18+  years,AGEGROUP_YEARS18-PLUS,,,,,,,23.18,,,16.72,,30.34,23.2 [16.7-30.3],,,EN,2024-06-20T20:00:00.000Z
NCD_PAA,Prevalence of insufficient physical activity among adults aged 18+ years (age-standardized estimate) (%),text,WPR,Western Pacific,Country,SGP,Singapore,Year,2022,true,Sex,Both sexes,SEX_BTSX,Age Group,18+  years,AGEGROUP_YEARS18-PLUS,,,,,,,23.17,,,17.16,,29.89,23.2 [17.2-29.9],,,EN,2024-06-20T20:00:00.000Z
NCD_PAA,Prevalence of insufficient physical activity among adults aged 18+ years (age-standardized estimate) (%),text,EUR,Europe,Country,SVK,Slovakia,Year,2022,true,Sex,Both sexes,SEX_BTSX,Age Group,18+  years,AGEGROUP_YEARS18-PLUS,,,,,,,23.3,,,16.54,,30.48,23.3 [16.5-30.5],,,EN,2024-06-20T20:00:00.000Z
NCD_PAA,Prevalence of insufficient physical activity among adults aged 18+ years (age-standardized estimate) (%),text,EUR,Europe,Country,CZE,Czechia,Year,2022,true,Sex,Both sexes,SEX_BTSX,Age Group,18+  years,AGEGROUP_YEARS18-PLUS,,,,,,,23.37,,,17.02,,30.34,23.4 [17.0-30.3],,,EN,2024-06-20T20:00:00.000Z
NCD_PAA,Prevalence of insufficient physical activity among adults aged 18+ years (age-standardized estimate) (%),text,WPR,Western Pacific,Country,CHN,China,Year,2022,true,Sex,Both sexes,SEX_BTSX,Age Group,18+  years,AGEGROUP_YEARS18-PLUS,,,,,,,23.83,,,17.67,,30.79,23.8 [17.7-30.8],,,EN,2024-06-20T20:00:00.000Z
NCD_PAA,Prevalence of insufficient physical activity among adults aged 18+ years (age-standardized estimate) (%),text,EUR,Europe,Country,AZE,Azerbaijan,Year,2022,true,Sex,Both sexes,SEX_BTSX,Age Group,18+  years,AGEGROUP_YEARS18-PLUS,,,,,,,23.92,,,15.32,,34.48,23.9 [15.3-34.5],,,EN,2024-06-20T20:00:00.000Z
NCD_PAA,Prevalence of insufficient physical activity among adults aged 18+ years (age-standardized estimate) (%),text,EUR,Europe,Country,GEO,Georgia,Year,2022,true,Sex,Both sexes,SEX_BTSX,Age Group,18+  years,AGEGROUP_YEARS18-PLUS,,,,,,,24.02,,,15.28,,34.62,24.0 [15.3-34.6],,,EN,2024-06-20T20:00:00.000Z
NCD_PAA,Prevalence of insufficient physical activity among adults aged 18+ years (age-standardized estimate) (%),text,EUR,Europe,Country,ALB,Albania,Year,2022,true,Sex,Both sexes,SEX_BTSX,Age Group,18+  years,AGEGROUP_YEARS18-PLUS,,,,,,,24.28,,,9.05,,45.89,24.3 [9.0-45.9],,,EN,2024-06-20T20:00:00.000Z
NCD_PAA,Prevalence of insufficient physical activity among adults aged 18+ years (age-standardized estimate) (%),text,WPR,Western Pacific,Country,TUV,Tuvalu,Year,2022,true,Sex,Both sexes,SEX_BTSX,Age Group,18+  years,AGEGROUP_YEARS18-PLUS,,,,,,,24.44,,,13.93,,37.16,24.4 [13.9-37.2],,,EN,2024-06-20T20:00:00.000Z
NCD_PAA,Prevalence of insufficient physical activity among adults aged 18+ years (age-standardized estimate) (%),text,WPR,Western Pacific,Country,MHL,Marshall Islands,Year,2022,true,Sex,Both sexes,SEX_BTSX,Age Group,18+  years,AGEGROUP_YEARS18-PLUS,,,,,,,24.38,,,8.98,,44.72,24.4 [9.0-44.7],,,EN,2024-06-20T20:00:00.000Z
NCD_PAA,Prevalence of insufficient physical activity among adults aged 18+ years (age-standardized estimate) (%),text,EMR,Eastern Mediterranean,Country,MAR,Morocco,Year,2022,true,Sex,Both sexes,SEX_BTSX,Age Group,18+  years,AGEGROUP_YEARS18-PLUS,,,,,,,24.51,,,15.26,,35.17,24.5 [15.3-35.2],,,EN,2024-06-20T20:00:00.000Z
NCD_PAA,Prevalence of insufficient physical activity among adults aged 18+ years (age-standardized estimate) (%),text,SEAR,South-East Asia,Country,MDV,Maldives,Year,2022,true,Sex,Both sexes,SEX_BTSX,Age Group,18+  years,AGEGROUP_YEARS18-PLUS,,,,,,,24.62,,,16.95,,33.63,24.6 [16.9-33.6],,,EN,2024-06-20T20:00:00.000Z
NCD_PAA,Prevalence of insufficient physical activity among adults aged 18+ years (age-standardized estimate) (%),text,AFR,Africa,Country,NAM,Namibia,Year,2022,true,Sex,Both sexes,SEX_BTSX,Age Group,18+  years,AGEGROUP_YEARS18-PLUS,,,,,,,25.38,,,9.95,,45.08,25.4 [10.0-45.1],,,EN,2024-06-20T20:00:00.000Z
NCD_PAA,Prevalence of insufficient physical activity among adults aged 18+ years (age-standardized estimate) (%),text,WPR,Western Pacific,Country,COK,Cook Islands,Year,2022,true,Sex,Both sexes,SEX_BTSX,Age Group,18+  years,AGEGROUP_YEARS18-PLUS,,,,,,,25.42,,,18.17,,33.71,25.4 [18.2-33.7],,,EN,2024-06-20T20:00:00.000Z
NCD_PAA,Prevalence of insufficient physical activity among adults aged 18+ years (age-standardized estimate) (%),text,EUR,Europe,Country,BEL,Belgium,Year,2022,true,Sex,Both sexes,SEX_BTSX,Age Group,18+  years,AGEGROUP_YEARS18-PLUS,,,,,,,25.41,,,19.19,,32.29,25.4 [19.2-32.3],,,EN,2024-06-20T20:00:00.000Z
NCD_PAA,Prevalence of insufficient physical activity among adults aged 18+ years (age-standardized estimate) (%),text,WPR,Western Pacific,Country,AUS,Australia,Year,2022,true,Sex,Both sexes,SEX_BTSX,Age Group,18+  years,AGEGROUP_YEARS18-PLUS,,,,,,,25.47,,,19.44,,32.22,25.5 [19.4-32.2],,,EN,2024-06-20T20:00:00.000Z
NCD_PAA,Prevalence of insufficient physical activity among adults aged 18+ years (age-standardized estimate) (%),text,EUR,Europe,Country,SMR,San Marino,Year,2022,true,Sex,Both sexes,SEX_BTSX,Age Group,18+  years,AGEGROUP_YEARS18-PLUS,,,,,,,25.66,,,10.05,,45.55,25.7 [10.0-45.5],,,EN,2024-06-20T20:00:00.000Z
NCD_PAA,Prevalence of insufficient physical activity among adults aged 18+ years (age-standardized estimate) (%),text,EUR,Europe,Country,ISL,Iceland,Year,2022,true,Sex,Both sexes,SEX_BTSX,Age Group,18+  years,AGEGROUP_YEARS18-PLUS,,,,,,,25.92,,,9.84,,46.66,25.9 [9.8-46.7],,,EN,2024-06-20T20:00:00.000Z
NCD_PAA,Prevalence of insufficient physical activity among adults aged 18+ years (age-standardized estimate) (%),text,WPR,Western Pacific,Country,PLW,Palau,Year,2022,true,Sex,Both sexes,SEX_BTSX,Age Group,18+  years,AGEGROUP_YEARS18-PLUS,,,,,,,25.96,,,14.62,,39.18,26.0 [14.6-39.2],,,EN,2024-06-20T20:00:00.000Z
NCD_PAA,Prevalence of insufficient physical activity among adults aged 18+ years (age-standardized estimate) (%),text,EUR,Europe,Country,MKD,North Macedonia,Year,2022,true,Sex,Both sexes,SEX_BTSX,Age Group,18+  years,AGEGROUP_YEARS18-PLUS,,,,,,,26.1,,,12.86,,42,26.1 [12.9-42.0],,,EN,2024-06-20T20:00:00.000Z
NCD_PAA,Prevalence of insufficient physical activity among adults aged 18+ years (age-standardized estimate) (%),text,EUR,Europe,Country,ISR,Israel,Year,2022,true,Sex,Both sexes,SEX_BTSX,Age Group,18+  years,AGEGROUP_YEARS18-PLUS,,,,,,,26.56,,,10.44,,47.63,26.6 [10.4-47.6],,,EN,2024-06-20T20:00:00.000Z
NCD_PAA,Prevalence of insufficient physical activity among adults aged 18+ years (age-standardized estimate) (%),text,EUR,Europe,Country,ARM,Armenia,Year,2022,true,Sex,Both sexes,SEX_BTSX,Age Group,18+  years,AGEGROUP_YEARS18-PLUS,,,,,,,26.58,,,16.29,,38.46,26.6 [16.3-38.5],,,EN,2024-06-20T20:00:00.000Z
NCD_PAA,Prevalence of insufficient physical activity among adults aged 18+ years (age-standardized estimate) (%),text,SEAR,South-East Asia,Country,TLS,Timor-Leste,Year,2022,true,Sex,Both sexes,SEX_BTSX,Age Group,18+  years,AGEGROUP_YEARS18-PLUS,,,,,,,26.93,,,13.77,,43.16,26.9 [13.8-43.2],,,EN,2024-06-20T20:00:00.000Z
NCD_PAA,Prevalence of insufficient physical activity among adults aged 18+ years (age-standardized estimate) (%),text,SEAR,South-East Asia,Country,PRK,Democratic People's Republic of Korea,Year,2022,true,Sex,Both sexes,SEX_BTSX,Age Group,18+  years,AGEGROUP_YEARS18-PLUS,,,,,,,26.99,,,11.21,,47.77,27.0 [11.2-47.8],,,EN,2024-06-20T20:00:00.000Z
NCD_PAA,Prevalence of insufficient physical activity among adults aged 18+ years (age-standardized estimate) (%),text,EUR,Europe,Country,AND,Andorra,Year,2022,true,Sex,Both sexes,SEX_BTSX,Age Group,18+  years,AGEGROUP_YEARS18-PLUS,,,,,,,27.21,,,12.28,,46.63,27.2 [12.3-46.6],,,EN,2024-06-20T20:00:00.000Z
NCD_PAA,Prevalence of insufficient physical activity among adults aged 18+ years (age-standardized estimate) (%),text,WPR,Western Pacific,Country,MNG,Mongolia,Year,2022,true,Sex,Both sexes,SEX_BTSX,Age Group,18+  years,AGEGROUP_YEARS18-PLUS,,,,,,,27.46,,,19.2,,37.03,27.5 [19.2-37.0],,,EN,2024-06-20T20:00:00.000Z
NCD_PAA,Prevalence of insufficient physical activity among adults aged 18+ years (age-standardized estimate) (%),text,AMR,Americas,Country,MEX,Mexico,Year,2022,true,Sex,Both sexes,SEX_BTSX,Age Group,18+  years,AGEGROUP_YEARS18-PLUS,,,,,,,27.99,,,22.09,,34.83,28.0 [22.1-34.8],,,EN,2024-06-20T20:00:00.000Z
NCD_PAA,Prevalence of insufficient physical activity among adults aged 18+ years (age-standardized estimate) (%),text,EUR,Europe,Country,KAZ,Kazakhstan,Year,2022,true,Sex,Both sexes,SEX_BTSX,Age Group,18+  years,AGEGROUP_YEARS18-PLUS,,,,,,,28.23,,,12.52,,48.73,28.2 [12.5-48.7],,,EN,2024-06-20T20:00:00.000Z
NCD_PAA,Prevalence of insufficient physical activity among adults aged 18+ years (age-standardized estimate) (%),text,EMR,Eastern Mediterranean,Country,JOR,Jordan,Year,2022,true,Sex,Both sexes,SEX_BTSX,Age Group,18+  years,AGEGROUP_YEARS18-PLUS,,,,,,,28.23,,,19.25,,38.17,28.2 [19.3-38.2],,,EN,2024-06-20T20:00:00.000Z
NCD_PAA,Prevalence of insufficient physical activity among adults aged 18+ years (age-standardized estimate) (%),text,AMR,Americas,Country,HTI,Haiti,Year,2022,true,Sex,Both sexes,SEX_BTSX,Age Group,18+  years,AGEGROUP_YEARS18-PLUS,,,,,,,28.3,,,10.78,,49.49,28.3 [10.8-49.5],,,EN,2024-06-20T20:00:00.000Z
NCD_PAA,Prevalence of insufficient physical activity among adults aged 18+ years (age-standardized estimate) (%),text,EUR,Europe,Country,HRV,Croatia,Year,2022,true,Sex,Both sexes,SEX_BTSX,Age Group,18+  years,AGEGROUP_YEARS18-PLUS,,,,,,,28.45,,,21.32,,36.48,28.4 [21.3-36.5],,,EN,2024-06-20T20:00:00.000Z
NCD_PAA,Prevalence of insufficient physical activity among adults aged 18+ years (age-standardized estimate) (%),text,SEAR,South-East Asia,Country,THA,Thailand,Year,2022,true,Sex,Both sexes,SEX_BTSX,Age Group,18+  years,AGEGROUP_YEARS18-PLUS,,,,,,,28.87,,,23.55,,34.66,28.9 [23.5-34.7],,,EN,2024-06-20T20:00:00.000Z
NCD_PAA,Prevalence of insufficient physical activity among adults aged 18+ years (age-standardized estimate) (%),text,AFR,Africa,Country,DZA,Algeria,Year,2022,true,Sex,Both sexes,SEX_BTSX,Age Group,18+  years,AGEGROUP_YEARS18-PLUS,,,,,,,29.04,,,19.03,,39.88,29.0 [19.0-39.9],,,EN,2024-06-20T20:00:00.000Z
NCD_PAA,Prevalence of insufficient physical activity among adults aged 18+ years (age-standardized estimate) (%),text,EMR,Eastern Mediterranean,Country,YEM,Yemen,Year,2022,true,Sex,Both sexes,SEX_BTSX,Age Group,18+  years,AGEGROUP_YEARS18-PLUS,,,,,,,29.19,,,11.7,,50.92,29.2 [11.7-50.9],,,EN,2024-06-20T20:00:00.000Z
NCD_PAA,Prevalence of insufficient physical activity among adults aged 18+ years (age-standardized estimate) (%),text,WPR,Western Pacific,Country,FSM,Micronesia (Federated States of),Year,2022,true,Sex,Both sexes,SEX_BTSX,Age Group,18+  years,AGEGROUP_YEARS18-PLUS,,,,,,,29.31,,,15.79,,45.44,29.3 [15.8-45.4],,,EN,2024-06-20T20:00:00.000Z
NCD_PAA,Prevalence of insufficient physical activity among adults aged 18+ years (age-standardized estimate) (%),text,EUR,Europe,Country,HUN,Hungary,Year,2022,true,Sex,Both sexes,SEX_BTSX,Age Group,18+  years,AGEGROUP_YEARS18-PLUS,,,,,,,29.41,,,22.2,,37.27,29.4 [22.2-37.3],,,EN,2024-06-20T20:00:00.000Z
NCD_PAA,Prevalence of insufficient physical activity among adults aged 18+ years (age-standardized estimate) (%),text,EMR,Eastern Mediterranean,Country,PSE,"occupied Palestinian territory, including east Jerusalem",Year,2022,true,Sex,Both sexes,SEX_BTSX,Age Group,18+  years,AGEGROUP_YEARS18-PLUS,,,,,,,29.7,,,21.9,,38.82,29.7 [21.9-38.8],,,EN,2024-06-20T20:00:00.000Z
NCD_PAA,Prevalence of insufficient physical activity among adults aged 18+ years (age-standardized estimate) (%),text,AFR,Africa,Country,MLI,Mali,Year,2022,true,Sex,Both sexes,SEX_BTSX,Age Group,18+  years,AGEGROUP_YEARS18-PLUS,,,,,,,29.82,,,13.42,,50.77,29.8 [13.4-50.8],,,EN,2024-06-20T20:00:00.000Z
NCD_PAA,Prevalence of insufficient physical activity among adults aged 18+ years (age-standardized estimate) (%),text,AFR,Africa,Country,MUS,Mauritius,Year,2022,true,Sex,Both sexes,SEX_BTSX,Age Group,18+  years,AGEGROUP_YEARS18-PLUS,,,,,,,29.88,,,21.57,,39.04,29.9 [21.6-39.0],,,EN,2024-06-20T20:00:00.000Z
NCD_PAA,Prevalence of insufficient physical activity among adults aged 18+ years (age-standardized estimate) (%),text,WPR,Western Pacific,Country,VNM,Viet Nam,Year,2022,true,Sex,Both sexes,SEX_BTSX,Age Group,18+  years,AGEGROUP_YEARS18-PLUS,,,,,,,30.32,,,23,,38.1,30.3 [23.0-38.1],,,EN,2024-06-20T20:00:00.000Z
NCD_PAA,Prevalence of insufficient physical activity among adults aged 18+ years (age-standardized estimate) (%),text,AMR,Americas,Country,DMA,Dominica,Year,2022,true,Sex,Both sexes,SEX_BTSX,Age Group,18+  years,AGEGROUP_YEARS18-PLUS,,,,,,,30.52,,,14.36,,49.15,30.5 [14.4-49.2],,,EN,2024-06-20T20:00:00.000Z
NCD_PAA,Prevalence of insufficient physical activity among adults aged 18+ years (age-standardized estimate) (%),text,AMR,Americas,Country,VCT,Saint Vincent and the Grenadines,Year,2022,true,Sex,Both sexes,SEX_BTSX,Age Group,18+  years,AGEGROUP_YEARS18-PLUS,,,,,,,30.46,,,18.37,,43.9,30.5 [18.4-43.9],,,EN,2024-06-20T20:00:00.000Z
NCD_PAA,Prevalence of insufficient physical activity among adults aged 18+ years (age-standardized estimate) (%),text,WPR,Western Pacific,Country,TON,Tonga,Year,2022,true,Sex,Both sexes,SEX_BTSX,Age Group,18+  years,AGEGROUP_YEARS18-PLUS,,,,,,,30.67,,,20.19,,42.42,30.7 [20.2-42.4],,,EN,2024-06-20T20:00:00.000Z
NCD_PAA,Prevalence of insufficient physical activity among adults aged 18+ years (age-standardized estimate) (%),text,AFR,Africa,Country,CPV,Cabo Verde,Year,2022,true,Sex,Both sexes,SEX_BTSX,Age Group,18+  years,AGEGROUP_YEARS18-PLUS,,,,,,,31.23,,,22.2,,41.09,31.2 [22.2-41.1],,,EN,2024-06-20T20:00:00.000Z
NCD_PAA,Prevalence of insufficient physical activity among adults aged 18+ years (age-standardized estimate) (%),text,EUR,Europe,Country,UZB,Uzbekistan,Year,2022,true,Sex,Both sexes,SEX_BTSX,Age Group,18+  years,AGEGROUP_YEARS18-PLUS,,,,,,,31.75,,,23.25,,40.75,31.7 [23.2-40.7],,,EN,2024-06-20T20:00:00.000Z
NCD_PAA,Prevalence of insufficient physical activity among adults aged 18+ years (age-standardized estimate) (%),text,WPR,Western Pacific,Country,KIR,Kiribati,Year,2022,true,Sex,Both sexes,SEX_BTSX,Age Group,18+  years,AGEGROUP_YEARS18-PLUS,,,,,,,31.9,,,20.14,,44.23,31.9 [20.1-44.2],,,EN,2024-06-20T20:00:00.000Z
NCD_PAA,Prevalence of insufficient physical activity among adults aged 18+ years (age-standardized estimate) (%),text,EUR,Europe,Country,BGR,Bulgaria,Year,2022,true,Sex,Both sexes,SEX_BTSX,Age Group,18+  years,AGEGROUP_YEARS18-PLUS,,,,,,,32.28,,,24.57,,40.48,32.3 [24.6-40.5],,,EN,2024-06-20T20:00:00.000Z
NCD_PAA,Prevalence of insufficient physical activity among adults aged 18+ years (age-standardized estimate) (%),text,WPR,Western Pacific,Country,BRN,Brunei Darussalam,Year,2022,true,Sex,Both sexes,SEX_BTSX,Age Group,18+  years,AGEGROUP_YEARS18-PLUS,,,,,,,32.53,,,20.79,,45.69,32.5 [20.8-45.7],,,EN,2024-06-20T20:00:00.000Z
NCD_PAA,Prevalence of insufficient physical activity among adults aged 18+ years (age-standardized estimate) (%),text,EMR,Eastern Mediterranean,Country,TUN,Tunisia,Year,2022,true,Sex,Both sexes,SEX_BTSX,Age Group,18+  years,AGEGROUP_YEARS18-PLUS,,,,,,,33.36,,,15.87,,54.64,33.4 [15.9-54.6],,,EN,2024-06-20T20:00:00.000Z
NCD_PAA,Prevalence of insufficient physical activity among adults aged 18+ years (age-standardized estimate) (%),text,EMR,Eastern Mediterranean,Country,AFG,Afghanistan,Year,2022,true,Sex,Both sexes,SEX_BTSX,Age Group,18+  years,AGEGROUP_YEARS18-PLUS,,,,,,,33.36,,,23.04,,44.22,33.4 [23.0-44.2],,,EN,2024-06-20T20:00:00.000Z
NCD_PAA,Prevalence of insufficient physical activity among adults aged 18+ years (age-standardized estimate) (%),text,AMR,Americas,Country,USA,United States of America,Year,2022,true,Sex,Both sexes,SEX_BTSX,Age Group,18+  years,AGEGROUP_YEARS18-PLUS,,,,,,,33.74,,,26.57,,41.79,33.7 [26.6-41.8],,,EN,2024-06-20T20:00:00.000Z
NCD_PAA,Prevalence of insufficient physical activity among adults aged 18+ years (age-standardized estimate) (%),text,AMR,Americas,Country,URY,Uruguay,Year,2022,true,Sex,Both sexes,SEX_BTSX,Age Group,18+  years,AGEGROUP_YEARS18-PLUS,,,,,,,33.84,,,18.73,,51.34,33.8 [18.7-51.3],,,EN,2024-06-20T20:00:00.000Z
NCD_PAA,Prevalence of insufficient physical activity among adults aged 18+ years (age-standardized estimate) (%),text,EMR,Eastern Mediterranean,Country,EGY,Egypt,Year,2022,true,Sex,Both sexes,SEX_BTSX,Age Group,18+  years,AGEGROUP_YEARS18-PLUS,,,,,,,33.8,,,23.61,,45.27,33.8 [23.6-45.3],,,EN,2024-06-20T20:00:00.000Z
NCD_PAA,Prevalence of insufficient physical activity among adults aged 18+ years (age-standardized estimate) (%),text,AMR,Americas,Country,COL,Colombia,Year,2022,true,Sex,Both sexes,SEX_BTSX,Age Group,18+  years,AGEGROUP_YEARS18-PLUS,,,,,,,34.43,,,14.82,,57.09,34.4 [14.8-57.1],,,EN,2024-06-20T20:00:00.000Z
NCD_PAA,Prevalence of insufficient physical activity among adults aged 18+ years (age-standardized estimate) (%),text,AMR,Americas,Country,PER,Peru,Year,2022,true,Sex,Both sexes,SEX_BTSX,Age Group,18+  years,AGEGROUP_YEARS18-PLUS,,,,,,,34.47,,,22.97,,46.25,34.5 [23.0-46.2],,,EN,2024-06-20T20:00:00.000Z
NCD_PAA,Prevalence of insufficient physical activity among adults aged 18+ years (age-standardized estimate) (%),text,EUR,Europe,Country,NOR,Norway,Year,2022,true,Sex,Both sexes,SEX_BTSX,Age Group,18+  years,AGEGROUP_YEARS18-PLUS,,,,,,,35.12,,,20.02,,52.54,35.1 [20.0-52.5],,,EN,2024-06-20T20:00:00.000Z
NCD_PAA,Prevalence of insufficient physical activity among adults aged 18+ years (age-standardized estimate) (%),text,AMR,Americas,Country,GUY,Guyana,Year,2022,true,Sex,Both sexes,SEX_BTSX,Age Group,18+  years,AGEGROUP_YEARS18-PLUS,,,,,,,35.08,,,23.24,,47.46,35.1 [23.2-47.5],,,EN,2024-06-20T20:00:00.000Z
NCD_PAA,Prevalence of insufficient physical activity among adults aged 18+ years (age-standardized estimate) (%),text,EUR,Europe,Country,GRC,Greece,Year,2022,true,Sex,Both sexes,SEX_BTSX,Age Group,18+  years,AGEGROUP_YEARS18-PLUS,,,,,,,35.2,,,27.19,,43.68,35.2 [27.2-43.7],,,EN,2024-06-20T20:00:00.000Z
NCD_PAA,Prevalence of insufficient physical activity among adults aged 18+ years (age-standardized estimate) (%),text,WPR,Western Pacific,Country,NRU,Nauru,Year,2022,true,Sex,Both sexes,SEX_BTSX,Age Group,18+  years,AGEGROUP_YEARS18-PLUS,,,,,,,35.45,,,23.26,,48.69,35.5 [23.3-48.7],,,EN,2024-06-20T20:00:00.000Z
NCD_PAA,Prevalence of insufficient physical activity among adults aged 18+ years (age-standardized estimate) (%),text,EUR,Europe,Country,TJK,Tajikistan,Year,2022,true,Sex,Both sexes,SEX_BTSX,Age Group,18+  years,AGEGROUP_YEARS18-PLUS,,,,,,,35.74,,,24,,48.41,35.7 [24.0-48.4],,,EN,2024-06-20T20:00:00.000Z
NCD_PAA,Prevalence of insufficient physical activity among adults aged 18+ years (age-standardized estimate) (%),text,AMR,Americas,Country,GRD,Grenada,Year,2022,true,Sex,Both sexes,SEX_BTSX,Age Group,18+  years,AGEGROUP_YEARS18-PLUS,,,,,,,35.87,,,20.73,,52.48,35.9 [20.7-52.5],,,EN,2024-06-20T20:00:00.000Z
NCD_PAA,Prevalence of insufficient physical activity among adults aged 18+ years (age-standardized estimate) (%),text,AMR,Americas,Country,PRY,Paraguay,Year,2022,true,Sex,Both sexes,SEX_BTSX,Age Group,18+  years,AGEGROUP_YEARS18-PLUS,,,,,,,35.96,,,17.44,,57.28,36.0 [17.4-57.3],,,EN,2024-06-20T20:00:00.000Z
NCD_PAA,Prevalence of insufficient physical activity among adults aged 18+ years (age-standardized estimate) (%),text,AMR,Americas,Country,HND,Honduras,Year,2022,true,Sex,Both sexes,SEX_BTSX,Age Group,18+  years,AGEGROUP_YEARS18-PLUS,,,,,,,36.78,,,16.13,,59.15,36.8 [16.1-59.1],,,EN,2024-06-20T20:00:00.000Z
NCD_PAA,Prevalence of insufficient physical activity among adults aged 18+ years (age-standardized estimate) (%),text,AMR,Americas,Country,GTM,Guatemala,Year,2022,true,Sex,Both sexes,SEX_BTSX,Age Group,18+  years,AGEGROUP_YEARS18-PLUS,,,,,,,36.83,,,23.86,,50.68,36.8 [23.9-50.7],,,EN,2024-06-20T20:00:00.000Z
NCD_PAA,Prevalence of insufficient physical activity among adults aged 18+ years (age-standardized estimate) (%),text,EUR,Europe,Country,ROU,Romania,Year,2022,true,Sex,Both sexes,SEX_BTSX,Age Group,18+  years,AGEGROUP_YEARS18-PLUS,,,,,,,36.76,,,28.63,,45.59,36.8 [28.6-45.6],,,EN,2024-06-20T20:00:00.000Z
NCD_PAA,Prevalence of insufficient physical activity among adults aged 18+ years (age-standardized estimate) (%),text,AMR,Americas,Country,DOM,Dominican Republic,Year,2022,true,Sex,Both sexes,SEX_BTSX,Age Group,18+  years,AGEGROUP_YEARS18-PLUS,,,,,,,37.02,,,17.19,,59.85,37.0 [17.2-59.9],,,EN,2024-06-20T20:00:00.000Z
NCD_PAA,Prevalence of insufficient physical activity among adults aged 18+ years (age-standardized estimate) (%),text,EUR,Europe,Country,POL,Poland,Year,2022,true,Sex,Both sexes,SEX_BTSX,Age Group,18+  years,AGEGROUP_YEARS18-PLUS,,,,,,,36.97,,,28.88,,45.4,37.0 [28.9-45.4],,,EN,2024-06-20T20:00:00.000Z
NCD_PAA,Prevalence of insufficient physical activity among adults aged 18+ years (age-standardized estimate) (%),text,AMR,Americas,Country,BHS,Bahamas,Year,2022,true,Sex,Both sexes,SEX_BTSX,Age Group,18+  years,AGEGROUP_YEARS18-PLUS,,,,,,,37.17,,,26.93,,47.59,37.2 [26.9-47.6],,,EN,2024-06-20T20:00:00.000Z
NCD_PAA,Prevalence of insufficient physical activity among adults aged 18+ years (age-standardized estimate) (%),text,SEAR,South-East Asia,Country,LKA,Sri Lanka,Year,2022,true,Sex,Both sexes,SEX_BTSX,Age Group,18+  years,AGEGROUP_YEARS18-PLUS,,,,,,,37.18,,,28.48,,45.8,37.2 [28.5-45.8],,,EN,2024-06-20T20:00:00.000Z
NCD_PAA,Prevalence of insufficient physical activity among adults aged 18+ years (age-standardized estimate) (%),text,AMR,Americas,Country,CAN,Canada,Year,2022,true,Sex,Both sexes,SEX_BTSX,Age Group,18+  years,AGEGROUP_YEARS18-PLUS,,,,,,,37.18,,,30.05,,44.77,37.2 [30.0-44.8],,,EN,2024-06-20T20:00:00.000Z
NCD_PAA,Prevalence of insufficient physical activity among adults aged 18+ years (age-standardized estimate) (%),text,EMR,Eastern Mediterranean,Country,SYR,Syrian Arab Republic,Year,2022,true,Sex,Both sexes,SEX_BTSX,Age Group,18+  years,AGEGROUP_YEARS18-PLUS,,,,,,,37.84,,,17.49,,60.63,37.8 [17.5-60.6],,,EN,2024-06-20T20:00:00.000Z
NCD_PAA,Prevalence of insufficient physical activity among adults aged 18+ years (age-standardized estimate) (%),text,AMR,Americas,Country,ATG,Antigua and Barbuda,Year,2022,true,Sex,Both sexes,SEX_BTSX,Age Group,18+  years,AGEGROUP_YEARS18-PLUS,,,,,,,38.12,,,17.8,,61.03,38.1 [17.8-61.0],,,EN,2024-06-20T20:00:00.000Z
NCD_PAA,Prevalence of insufficient physical activity among adults aged 18+ years (age-standardized estimate) (%),text,AMR,Americas,Country,CHL,Chile,Year,2022,true,Sex,Both sexes,SEX_BTSX,Age Group,18+  years,AGEGROUP_YEARS18-PLUS,,,,,,,38.21,,,28.51,,48.58,38.2 [28.5-48.6],,,EN,2024-06-20T20:00:00.000Z
NCD_PAA,Prevalence of insufficient physical activity among adults aged 18+ years (age-standardized estimate) (%),text,AFR,Africa,Country,MRT,Mauritania,Year,2022,true,Sex,Both sexes,SEX_BTSX,Age Group,18+  years,AGEGROUP_YEARS18-PLUS,,,,,,,38.52,,,18.05,,61.04,38.5 [18.1-61.0],,,EN,2024-06-20T20:00:00.000Z
NCD_PAA,Prevalence of insufficient physical activity among adults aged 18+ years (age-standardized estimate) (%),text,AMR,Americas,Country,ARG,Argentina,Year,2022,true,Sex,Both sexes,SEX_BTSX,Age Group,18+  years,AGEGROUP_YEARS18-PLUS,,,,,,,38.51,,,28.46,,48.94,38.5 [28.5-48.9],,,EN,2024-06-20T20:00:00.000Z
NCD_PAA,Prevalence of insufficient physical activity among adults aged 18+ years (age-standardized estimate) (%),text,EMR,Eastern Mediterranean,Country,BHR,Bahrain,Year,2022,true,Sex,Both sexes,SEX_BTSX,Age Group,18+  years,AGEGROUP_YEARS18-PLUS,,,,,,,38.61,,,19.39,,60.65,38.6 [19.4-60.7],,,EN,2024-06-20T20:00:00.000Z
NCD_PAA,Prevalence of insufficient physical activity among adults aged 18+ years (age-standardized estimate) (%),text,AMR,Americas,Country,JAM,Jamaica,Year,2022,true,Sex,Both sexes,SEX_BTSX,Age Group,18+  years,AGEGROUP_YEARS18-PLUS,,,,,,,38.61,,,20.42,,57.35,38.6 [20.4-57.3],,,EN,2024-06-20T20:00:00.000Z
NCD_PAA,Prevalence of insufficient physical activity among adults aged 18+ years (age-standardized estimate) (%),text,AMR,Americas,Country,NIC,Nicaragua,Year,2022,true,Sex,Both sexes,SEX_BTSX,Age Group,18+  years,AGEGROUP_YEARS18-PLUS,,,,,,,38.75,,,18.04,,62.11,38.7 [18.0-62.1],,,EN,2024-06-20T20:00:00.000Z
NCD_PAA,Prevalence of insufficient physical activity among adults aged 18+ years (age-standardized estimate) (%),text,AMR,Americas,Country,SLV,El Salvador,Year,2022,true,Sex,Both sexes,SEX_BTSX,Age Group,18+  years,AGEGROUP_YEARS18-PLUS,,,,,,,39.23,,,25.82,,53.24,39.2 [25.8-53.2],,,EN,2024-06-20T20:00:00.000Z
NCD_PAA,Prevalence of insufficient physical activity among adults aged 18+ years (age-standardized estimate) (%),text,WPR,Western Pacific,Country,MYS,Malaysia,Year,2022,true,Sex,Both sexes,SEX_BTSX,Age Group,18+  years,AGEGROUP_YEARS18-PLUS,,,,,,,39.9,,,30.68,,49.52,39.9 [30.7-49.5],,,EN,2024-06-20T20:00:00.000Z
NCD_PAA,Prevalence of insufficient physical activity among adults aged 18+ years (age-standardized estimate) (%),text,AFR,Africa,Country,TZA,United Republic of Tanzania,Year,2022,true,Sex,Both sexes,SEX_BTSX,Age Group,18+  years,AGEGROUP_YEARS18-PLUS,,,,,,,4.3,,,2.48,,6.84,4.3 [2.5-6.8],,,EN,2024-06-20T20:00:00.000Z
NCD_PAA,Prevalence of insufficient physical activity among adults aged 18+ years (age-standardized estimate) (%),text,EUR,Europe,Country,ITA,Italy,Year,2022,true,Sex,Both sexes,SEX_BTSX,Age Group,18+  years,AGEGROUP_YEARS18-PLUS,,,,,,,40.09,,,31.75,,48.8,40.1 [31.8-48.8],,,EN,2024-06-20T20:00:00.000Z
NCD_PAA,Prevalence of insufficient physical activity among adults aged 18+ years (age-standardized estimate) (%),text,AMR,Americas,Country,BRA,Brazil,Year,2022,true,Sex,Both sexes,SEX_BTSX,Age Group,18+  years,AGEGROUP_YEARS18-PLUS,,,,,,,40.4,,,31.43,,49.76,40.4 [31.4-49.8],,,EN,2024-06-20T20:00:00.000Z
NCD_PAA,Prevalence of insufficient physical activity among adults aged 18+ years (age-standardized estimate) (%),text,EUR,Europe,Country,MLT,Malta,Year,2022,true,Sex,Both sexes,SEX_BTSX,Age Group,18+  years,AGEGROUP_YEARS18-PLUS,,,,,,,40.71,,,30.52,,51.27,40.7 [30.5-51.3],,,EN,2024-06-20T20:00:00.000Z
NCD_PAA,Prevalence of insufficient physical activity among adults aged 18+ years (age-standardized estimate) (%),text,EUR,Europe,Country,CYP,Cyprus,Year,2022,true,Sex,Both sexes,SEX_BTSX,Age Group,18+  years,AGEGROUP_YEARS18-PLUS,,,,,,,40.83,,,32.14,,49.79,40.8 [32.1-49.8],,,EN,2024-06-20T20:00:00.000Z
NCD_PAA,Prevalence of insufficient physical activity among adults aged 18+ years (age-standardized estimate) (%),text,EMR,Eastern Mediterranean,Country,OMN,Oman,Year,2022,true,Sex,Both sexes,SEX_BTSX,Age Group,18+  years,AGEGROUP_YEARS18-PLUS,,,,,,,40.88,,,30,,52.86,40.9 [30.0-52.9],,,EN,2024-06-20T20:00:00.000Z
NCD_PAA,Prevalence of insufficient physical activity among adults aged 18+ years (age-standardized estimate) (%),text,AMR,Americas,Country,BLZ,Belize,Year,2022,true,Sex,Both sexes,SEX_BTSX,Age Group,18+  years,AGEGROUP_YEARS18-PLUS,,,,,,,41.52,,,20.84,,63.75,41.5 [20.8-63.7],,,EN,2024-06-20T20:00:00.000Z
NCD_PAA,Prevalence of insufficient physical activity among adults aged 18+ years (age-standardized estimate) (%),text,AMR,Americas,Country,PRI,Puerto Rico,Year,2022,true,Sex,Both sexes,SEX_BTSX,Age Group,18+  years,AGEGROUP_YEARS18-PLUS,,,,,,,41.55,,,20.07,,64.28,41.6 [20.1-64.3],,,EN,2024-06-20T20:00:00.000Z
NCD_PAA,Prevalence of insufficient physical activity among adults aged 18+ years (age-standardized estimate) (%),text,AMR,Americas,Country,KNA,Saint Kitts and Nevis,Year,2022,true,Sex,Both sexes,SEX_BTSX,Age Group,18+  years,AGEGROUP_YEARS18-PLUS,,,,,,,41.69,,,22.12,,62.15,41.7 [22.1-62.2],,,EN,2024-06-20T20:00:00.000Z
NCD_PAA,Prevalence of insufficient physical activity among adults aged 18+ years (age-standardized estimate) (%),text,AMR,Americas,Country,BRB,Barbados,Year,2022,true,Sex,Both sexes,SEX_BTSX,Age Group,18+  years,AGEGROUP_YEARS18-PLUS,,,,,,,44.03,,,25.06,,63.41,44.0 [25.1-63.4],,,EN,2024-06-20T20:00:00.000Z
NCD_PAA,Prevalence of insufficient physical activity among adults aged 18+ years (age-standardized estimate) (%),text,EUR,Europe,Country,TUR,Türkiye,Year,2022,true,Sex,Both sexes,SEX_BTSX,Age Group,18+  years,AGEGROUP_YEARS18-PLUS,,,,,,,44.39,,,32.35,,56.66,44.4 [32.4-56.7],,,EN,2024-06-20T20:00:00.000Z
NCD_PAA,Prevalence of insufficient physical activity among adults aged 18+ years (age-standardized estimate) (%),text,AMR,Americas,Country,TTO,Trinidad and Tobago,Year,2022,true,Sex,Both sexes,SEX_BTSX,Age Group,18+  years,AGEGROUP_YEARS18-PLUS,,,,,,,44.51,,,27.81,,62.04,44.5 [27.8-62.0],,,EN,2024-06-20T20:00:00.000Z
NCD_PAA,Prevalence of insufficient physical activity among adults aged 18+ years (age-standardized estimate) (%),text,WPR,Western Pacific,Country,JPN,Japan,Year,2022,true,Sex,Both sexes,SEX_BTSX,Age Group,18+  years,AGEGROUP_YEARS18-PLUS,,,,,,,44.75,,,33.73,,55.84,44.7 [33.7-55.8],,,EN,2024-06-20T20:00:00.000Z
NCD_PAA,Prevalence of insufficient physical activity among adults aged 18+ years (age-standardized estimate) (%),text,AFR,Africa,Country,ZAF,South Africa,Year,2022,true,Sex,Both sexes,SEX_BTSX,Age Group,18+  years,AGEGROUP_YEARS18-PLUS,,,,,,,44.8,,,31.81,,58.66,44.8 [31.8-58.7],,,EN,2024-06-20T20:00:00.000Z
NCD_PAA,Prevalence of insufficient physical activity among adults aged 18+ years (age-standardized estimate) (%),text,EUR,Europe,Country,SRB,Serbia,Year,2022,true,Sex,Both sexes,SEX_BTSX,Age Group,18+  years,AGEGROUP_YEARS18-PLUS,,,,,,,44.85,,,23.6,,65.7,44.9 [23.6-65.7],,,EN,2024-06-20T20:00:00.000Z
NCD_PAA,Prevalence of insufficient physical activity among adults aged 18+ years (age-standardized estimate) (%),text,WPR,Western Pacific,Country,PHL,Philippines,Year,2022,true,Sex,Both sexes,SEX_BTSX,Age Group,18+  years,AGEGROUP_YEARS18-PLUS,,,,,,,45.46,,,33.53,,57.01,45.5 [33.5-57.0],,,EN,2024-06-20T20:00:00.000Z
NCD_PAA,Prevalence of insufficient physical activity among adults aged 18+ years (age-standardized estimate) (%),text,EMR,Eastern Mediterranean,Country,LBY,Libya,Year,2022,true,Sex,Both sexes,SEX_BTSX,Age Group,18+  years,AGEGROUP_YEARS18-PLUS,,,,,,,45.56,,,36.54,,54.47,45.6 [36.5-54.5],,,EN,2024-06-20T20:00:00.000Z
NCD_PAA,Prevalence of insufficient physical activity among adults aged 18+ years (age-standardized estimate) (%),text,EMR,Eastern Mediterranean,Country,PAK,Pakistan,Year,2022,true,Sex,Both sexes,SEX_BTSX,Age Group,18+  years,AGEGROUP_YEARS18-PLUS,,,,,,,45.65,,,31.56,,60.03,45.7 [31.6-60.0],,,EN,2024-06-20T20:00:00.000Z
NCD_PAA,Prevalence of insufficient physical activity among adults aged 18+ years (age-standardized estimate) (%),text,AMR,Americas,Country,VEN,Venezuela (Bolivarian Republic of),Year,2022,true,Sex,Both sexes,SEX_BTSX,Age Group,18+  years,AGEGROUP_YEARS18-PLUS,,,,,,,45.73,,,32.62,,59.45,45.7 [32.6-59.4],,,EN,2024-06-20T20:00:00.000Z
NCD_PAA,Prevalence of insufficient physical activity among adults aged 18+ years (age-standardized estimate) (%),text,EMR,Eastern Mediterranean,Country,IRN,Iran (Islamic Republic of),Year,2022,true,Sex,Both sexes,SEX_BTSX,Age Group,18+  years,AGEGROUP_YEARS18-PLUS,,,,,,,46.28,,,37.79,,54.41,46.3 [37.8-54.4],,,EN,2024-06-20T20:00:00.000Z
NCD_PAA,Prevalence of insufficient physical activity among adults aged 18+ years (age-standardized estimate) (%),text,AMR,Americas,Country,SUR,Suriname,Year,2022,true,Sex,Both sexes,SEX_BTSX,Age Group,18+  years,AGEGROUP_YEARS18-PLUS,,,,,,,48.86,,,33.78,,64.81,48.9 [33.8-64.8],,,EN,2024-06-20T20:00:00.000Z
NCD_PAA,Prevalence of insufficient physical activity among adults aged 18+ years (age-standardized estimate) (%),text,SEAR,South-East Asia,Country,IND,India,Year,2022,true,Sex,Both sexes,SEX_BTSX,Age Group,18+  years,AGEGROUP_YEARS18-PLUS,,,,,,,49.42,,,38.4,,60.95,49.4 [38.4-61.0],,,EN,2024-06-20T20:00:00.000Z
NCD_PAA,Prevalence of insufficient physical activity among adults aged 18+ years (age-standardized estimate) (%),text,AMR,Americas,Country,CRI,Costa Rica,Year,2022,true,Sex,Both sexes,SEX_BTSX,Age Group,18+  years,AGEGROUP_YEARS18-PLUS,,,,,,,49.66,,,34.93,,64.13,49.7 [34.9-64.1],,,EN,2024-06-20T20:00:00.000Z
NCD_PAA,Prevalence of insufficient physical activity among adults aged 18+ years (age-standardized estimate) (%),text,AFR,Africa,Country,UGA,Uganda,Year,2022,true,Sex,Both sexes,SEX_BTSX,Age Group,18+  years,AGEGROUP_YEARS18-PLUS,,,,,,,5.55,,,3.37,,8.35,5.5 [3.4-8.3],,,EN,2024-06-20T20:00:00.000Z
NCD_PAA,Prevalence of insufficient physical activity among adults aged 18+ years (age-standardized estimate) (%),text,EMR,Eastern Mediterranean,Country,SAU,Saudi Arabia,Year,2022,true,Sex,Both sexes,SEX_BTSX,Age Group,18+  years,AGEGROUP_YEARS18-PLUS,,,,,,,51.54,,,40.9,,61.83,51.5 [40.9-61.8],,,EN,2024-06-20T20:00:00.000Z
NCD_PAA,Prevalence of insufficient physical activity among adults aged 18+ years (age-standardized estimate) (%),text,EUR,Europe,Country,PRT,Portugal,Year,2022,true,Sex,Both sexes,SEX_BTSX,Age Group,18+  years,AGEGROUP_YEARS18-PLUS,,,,,,,51.65,,,42.58,,60.5,51.7 [42.6-60.5],,,EN,2024-06-20T20:00:00.000Z
NCD_PAA,Prevalence of insufficient physical activity among adults aged 18+ years (age-standardized estimate) (%),text,EMR,Eastern Mediterranean,Country,IRQ,Iraq,Year,2022,true,Sex,Both sexes,SEX_BTSX,Age Group,18+  years,AGEGROUP_YEARS18-PLUS,,,,,,,52.02,,,38.49,,65.48,52.0 [38.5-65.5],,,EN,2024-06-20T20:00:00.000Z
NCD_PAA,Prevalence of insufficient physical activity among adults aged 18+ years (age-standardized estimate) (%),text,EMR,Eastern Mediterranean,Country,QAT,Qatar,Year,2022,true,Sex,Both sexes,SEX_BTSX,Age Group,18+  years,AGEGROUP_YEARS18-PLUS,,,,,,,53.48,,,34.79,,71.9,53.5 [34.8-71.9],,,EN,2024-06-20T20:00:00.000Z
NCD_PAA,Prevalence of insufficient physical activity among adults aged 18+ years (age-standardized estimate) (%),text,AMR,Americas,Country,PAN,Panama,Year,2022,true,Sex,Both sexes,SEX_BTSX,Age Group,18+  years,AGEGROUP_YEARS18-PLUS,,,,,,,57.64,,,46.59,,67.99,57.6 [46.6-68.0],,,EN,2024-06-20T20:00:00.000Z
NCD_PAA,Prevalence of insufficient physical activity among adults aged 18+ years (age-standardized estimate) (%),text,WPR,Western Pacific,Country,KOR,Republic of Korea,Year,2022,true,Sex,Both sexes,SEX_BTSX,Age Group,18+  years,AGEGROUP_YEARS18-PLUS,,,,,,,58.06,,,52.38,,63.68,58.1 [52.4-63.7],,,EN,2024-06-20T20:00:00.000Z
NCD_PAA,Prevalence of insufficient physical activity among adults aged 18+ years (age-standardized estimate) (%),text,EMR,Eastern Mediterranean,Country,LBN,Lebanon,Year,2022,true,Sex,Both sexes,SEX_BTSX,Age Group,18+  years,AGEGROUP_YEARS18-PLUS,,,,,,,58.62,,,45.97,,70.78,58.6 [46.0-70.8],,,EN,2024-06-20T20:00:00.000Z
NCD_PAA,Prevalence of insufficient physical activity among adults aged 18+ years (age-standardized estimate) (%),text,AMR,Americas,Country,CUB,Cuba,Year,2022,true,Sex,Both sexes,SEX_BTSX,Age Group,18+  years,AGEGROUP_YEARS18-PLUS,,,,,,,61.08,,,50.52,,70.95,61.1 [50.5-70.9],,,EN,2024-06-20T20:00:00.000Z
NCD_PAA,Prevalence of insufficient physical activity among adults aged 18+ years (age-standardized estimate) (%),text,EMR,Eastern Mediterranean,Country,KWT,Kuwait,Year,2022,true,Sex,Both sexes,SEX_BTSX,Age Group,18+  years,AGEGROUP_YEARS18-PLUS,,,,,,,63.32,,,45.29,,79.74,63.3 [45.3-79.7],,,EN,2024-06-20T20:00:00.000Z
NCD_PAA,Prevalence of insufficient physical activity among adults aged 18+ years (age-standardized estimate) (%),text,EMR,Eastern Mediterranean,Country,ARE,United Arab Emirates,Year,2022,true,Sex,Both sexes,SEX_BTSX,Age Group,18+  years,AGEGROUP_YEARS18-PLUS,,,,,,,66.14,,,54.6,,76.81,66.1 [54.6-76.8],,,EN,2024-06-20T20:00:00.000Z
NCD_PAA,Prevalence of insufficient physical activity among adults aged 18+ years (age-standardized estimate) (%),text,WPR,Western Pacific,Country,NIU,Niue,Year,2022,true,Sex,Both sexes,SEX_BTSX,Age Group,18+  years,AGEGROUP_YEARS18-PLUS,,,,,,,7.36,,,2.42,,16.21,7.4 [2.4-16.2],,,EN,2024-06-20T20:00:00.000Z
NCD_PAA,Prevalence of insufficient physical activity among adults aged 18+ years (age-standardized estimate) (%),text,WPR,Western Pacific,Country,VUT,Vanuatu,Year,2022,true,Sex,Both sexes,SEX_BTSX,Age Group,18+  years,AGEGROUP_YEARS18-PLUS,,,,,,,7.52,,,2.59,,15.96,7.5 [2.6-16.0],,,EN,2024-06-20T20:00:00.000Z
NCD_PAA,Prevalence of insufficient physical activity among adults aged 18+ years (age-standardized estimate) (%),text,AFR,Africa,Country,LSO,Lesotho,Year,2022,true,Sex,Both sexes,SEX_BTSX,Age Group,18+  years,AGEGROUP_YEARS18-PLUS,,,,,,,7.98,,,3.15,,15.81,8.0 [3.2-15.8],,,EN,2024-06-20T20:00:00.000Z
NCD_PAA,Prevalence of insufficient physical activity among adults aged 18+ years (age-standardized estimate) (%),text,SEAR,South-East Asia,Country,NPL,Nepal,Year,2022,true,Sex,Both sexes,SEX_BTSX,Age Group,18+  years,AGEGROUP_YEARS18-PLUS,,,,,,,8.23,,,4.86,,12.68,8.2 [4.9-12.7],,,EN,2024-06-20T20:00:00.000Z
NCD_PAA,Prevalence of insufficient physical activity among adults aged 18+ years (age-standardized estimate) (%),text,EUR,Europe,Country,SWE,Sweden,Year,2022,true,Sex,Both sexes,SEX_BTSX,Age Group,18+  years,AGEGROUP_YEARS18-PLUS,,,,,,,8.7,,,5.62,,12.67,8.7 [5.6-12.7],,,EN,2024-06-20T20:00:00.000Z
NCD_PAA,Prevalence of insufficient physical activity among adults aged 18+ years (age-standardized estimate) (%),text,AFR,Africa,Country,KEN,Kenya,Year,2022,true,Sex,Both sexes,SEX_BTSX,Age Group,18+  years,AGEGROUP_YEARS18-PLUS,,,,,,,8.92,,,4.36,,15.28,8.9 [4.4-15.3],,,EN,2024-06-20T20:00:00.000Z
NCD_PAA,Prevalence of insufficient physical activity among adults aged 18+ years (age-standardized estimate) (%),text,AFR,Africa,Country,RWA,Rwanda,Year,2022,true,Sex,Both sexes,SEX_BTSX,Age Group,18+  years,AGEGROUP_YEARS18-PLUS,,,,,,,8.97,,,5.59,,13.34,9.0 [5.6-13.3],,,EN,2024-06-20T20:00:00.000Z
NCD_PAA,Prevalence of insufficient physical activity among adults aged 18+ years (age-standardized estimate) (%),text,AFR,Africa,Country,ETH,Ethiopia,Year,2022,true,Sex,Both sexes,SEX_BTSX,Age Group,18+  years,AGEGROUP_YEARS18-PLUS,,,,,,,9.43,,,4.63,,16.18,9.4 [4.6-16.2],,,EN,2024-06-20T20:00:00.000Z
NCD_PAA,Prevalence of insufficient physical activity among adults aged 18+ years (age-standardized estimate) (%),text,EUR,Europe,Country,NLD,Netherlands (Kingdom of the),Year,2022,true,Sex,Both sexes,SEX_BTSX,Age Group,18+  years,AGEGROUP_YEARS18-PLUS,,,,,,,9.41,,,6.9,,12.37,9.4 [6.9-12.4],,,EN,2024-06-20T20:00:00.000Z
NCD_PAA,Prevalence of insufficient physical activity among adults aged 18+ years (age-standardized estimate) (%),text,EUR,Europe,Country,FIN,Finland,Year,2022,true,Sex,Both sexes,SEX_BTSX,Age Group,18+  years,AGEGROUP_YEARS18-PLUS,,,,,,,9.58,,,6.23,,13.76,9.6 [6.2-13.8],,,EN,2024-06-20T20:00:00.000Z
NCD_PAA,Prevalence of insufficient physical activity among adults aged 18+ years (age-standardized estimate) (%),text,AFR,Africa,Country,MOZ,Mozambique,Year,2022,true,Sex,Both sexes,SEX_BTSX,Age Group,18+  years,AGEGROUP_YEARS18-PLUS,,,,,,,9.68,,,2.73,,22.05,9.7 [2.7-22.1],,,EN,2024-06-20T20:00:00.000Z
NCD_PAA,Prevalence of insufficient physical activity among adults aged 18+ years (age-standardized estimate) (%),text,SEAR,South-East Asia,Country,BTN,Bhutan,Year,2022,true,Sex,Both sexes,SEX_BTSX,Age Group,18+  years,AGEGROUP_YEARS18-PLUS,,,,,,,9.91,,,5.91,,14.99,9.9 [5.9-15.0],,,EN,2024-06-20T20:00:00.000Z
